"Number","Master","Account Name","Billing Street","Billing City","Billing State/Province","Billing Zip/Postal Code","Billing Country","Created Date","Owner Name"
"1.1","Master","1 800 Got Junk","11764 Brairwood dr.","Laurel","","20708","United States","09/01/2019 22:37:55","Test  Non Admin Not admin"
"1.2","","1 800 GOT juNK","11509 Basswood ave.","Brair","","29876","United States","09/01/2019 22:37:55","Kevin Hernandez"
"Final","","1 800 Got Junk","11764 brairwood Dr","Laurel","","20708","United States","09/01/2019 22:37:55","Test  Non Admin Not admin"
"","","","","","","","","","",""
"2.1","Master","Alberta Health Services","895 Pawnee St.","Phillipsburg","","20706","United States","09/01/2019 22:37:55","Kevin Hernandez"
"2.2","","Alegent Health","","","","","","09/01/2019 22:37:55","Kevin Hernandez"
"2.3","","Alegent Health","","","","","","09/01/2019 22:37:55","Kevin Hernandez"
"Final","","Alberta Health Services","895 pawnee Street","Phillipsburg","","20706","United States","09/01/2019 22:37:55","Kevin Hernandez"
"","","","","","","","","","",""
"3.1","","Advanced Micro Devices","","","","","","09/01/2019 22:37:55","Kevin Hernandez"
"3.2","Master","AMD","","","","","","09/01/2019 22:37:55","Kevin Hernandez"
"Final","","AMD","","","","","","09/01/2019 22:37:55","Kevin Hernandez"
"","","","","","","","","","",""
"4.1","Master","American Funds","","","","","","09/01/2019 22:37:55","Kevin Hernandez"
"4.2","","American Honda","","","","","","09/01/2019 22:37:55","Kevin Hernandez"
"Final","","American Funds","","","","","","09/01/2019 22:37:55","Kevin Hernandez"
"","","","","","","","","","",""
"5.1","","American National Insurance","","","","","","09/01/2019 22:37:55","Kevin Hernandez"
"5.2","","AMERICAN NATIONAL INSURANCE COMPANY","","","","","","09/01/2019 22:37:55","Kevin Hernandez"
"5.3","Master","American United Life Insurance Co.","","","","","","09/01/2019 22:37:55","Kevin Hernandez"
"Final","","American United Life Insurance Co.","","","","","","09/01/2019 22:37:55","Kevin Hernandez"
"","","","","","","","","","",""
"6.1","Master","Anheiser Busch","","","","","","09/01/2019 22:37:55","Kevin Hernandez"
"6.2","","Anheuser Busch","","","","","","09/01/2019 22:37:55","Kevin Hernandez"
"6.3","","Anheuser Busch Inc","","","","","","09/01/2019 22:37:55","Kevin Hernandez"
"6.4","","Anheuser Busch Inc","","","","","","09/01/2019 22:37:55","Kevin Hernandez"
"6.5","","Anheuser-Busch, Inc.","","","","","","09/01/2019 22:37:55","Kevin Hernandez"
"6.6","","Anheuser-Busch, Inc.","","","","","","09/01/2019 22:37:55","Kevin Hernandez"
"6.7","","Anheuser-Busch, Inc.","","","","","","09/01/2019 22:37:55","Kevin Hernandez"
"6.8","","Anheuser-Busch, Inc.","","","","","","09/01/2019 22:37:55","Kevin Hernandez"
"Final","","Anheiser Busch","","","","","","09/01/2019 22:37:55","Kevin Hernandez"
"","","","","","","","","","",""
"7.1","Master","aquafree","","","","","","09/01/2019 22:37:55","Kevin Hernandez"
"7.2","","Aqualife Inc.","","","","","","09/01/2019 22:37:55","Kevin Hernandez"
"Final","","aquafree","","","","","","09/01/2019 22:37:55","Kevin Hernandez"
"","","","","","","","","","",""
"8.1","","A T T","","","","","","09/01/2019 22:37:55","Kevin Hernandez"
"8.2","","at&t","","","","","","09/01/2019 22:37:55","Kevin Hernandez"
"8.3","","AT&T","","","","","","09/01/2019 22:37:55","Kevin Hernandez"
"8.4","","AT+T","","","","","","09/01/2019 22:37:55","Kevin Hernandez"
"8.5","Master","ATT","","","","","","09/01/2019 22:37:57","Kevin Hernandez"
"Final","","ATT","","","","","","09/01/2019 22:37:57","Kevin Hernandez"
"","","","","","","","","","",""
"9.1","Master","Avalon Catering","","","","","","09/01/2019 22:37:57","Kevin Hernandez"
"9.2","","Avalon Water","","","","","","09/01/2019 22:37:57","Kevin Hernandez"
"Final","","Avalon Catering","","","","","","09/01/2019 22:37:57","Kevin Hernandez"
"","","","","","","","","","",""
"10.1","Master","Big Green Cart","","","","","","09/01/2019 22:37:57","Kevin Hernandez"
"10.2","","Big Green Lips","","","","","","09/01/2019 22:37:57","Kevin Hernandez"
"Final","","Big Green Cart","","","","","","09/01/2019 22:37:57","Kevin Hernandez"
"","","","","","","","","","",""
"11.1","","Battery Solutions","","","","","","09/01/2019 22:37:57","Kevin Hernandez"
"11.2","Master","BizTech Solutions Inc","","","","","","09/01/2019 22:37:57","Kevin Hernandez"
"Final","","BizTech Solutions Inc","","","","","","09/01/2019 22:37:57","Kevin Hernandez"
"","","","","","","","","","",""
"12.1","Master","Blaupunk","","","","","","09/01/2019 22:37:57","Kevin Hernandez"
"12.2","","Blaupunkt","","","","","","09/01/2019 22:37:57","Kevin Hernandez"
"12.3","","Bloupunct","","","","","","09/01/2019 22:37:57","Kevin Hernandez"
"12.4","","Bloupunct","","","","","","09/01/2019 22:37:57","Kevin Hernandez"
"Final","","Blaupunk","","","","","","09/01/2019 22:37:57","Kevin Hernandez"
"","","","","","","","","","",""
"13.1","Master","Blazek & Associates PC LLO","","","","","","09/01/2019 22:37:57","Kevin Hernandez"
"13.2","","Blazek & Associates, P.C.","","","","","","09/01/2019 22:37:57","Kevin Hernandez"
"Final","","Blazek & Associates PC LLO","","","","","","09/01/2019 22:37:57","Kevin Hernandez"
"","","","","","","","","","",""
"14.1","Master","Comcast Coaching Inc.","","","","","","09/01/2019 22:37:58","Kevin Hernandez"
"14.2","","COMMCAST COACHING","","","","","","09/01/2019 22:37:58","Kevin Hernandez"
"Final","","Comcast Coaching Inc.","","","","","","09/01/2019 22:37:58","Kevin Hernandez"
"","","","","","","","","","",""
"15.1","Master","Cytec Industries","","","","","","09/01/2019 22:37:58","Kevin Hernandez"
"15.2","","Cytec Industries","","","","","","09/01/2019 22:37:58","Kevin Hernandez"
"15.3","","CYTEC INDUSTRIES","","","","","","09/01/2019 22:37:58","Kevin Hernandez"
"Final","","Cytec Industries","","","","","","09/01/2019 22:37:58","Kevin Hernandez"
"","","","","","","","","","",""
"16.1","Master","Dell Computers","","","","","","09/01/2019 22:37:58","Kevin Hernandez"
"16.2","","Dell Inc","","","","","","09/01/2019 22:37:58","Kevin Hernandez"
"16.3","","Dell Inc.","","","","","","09/01/2019 22:37:58","Kevin Hernandez"
"Final","","Dell Computers","","","","","","09/01/2019 22:37:58","Kevin Hernandez"
"","","","","","","","","","",""
"17.1","Master","Dream Green Banners","","","","","","09/01/2019 22:37:58","Kevin Hernandez"
"17.2","","Dream Green Earth","","","","","","09/01/2019 22:37:58","Kevin Hernandez"
"Final","","Dream Green Banners","","","","","","09/01/2019 22:37:58","Kevin Hernandez"
"","","","","","","","","","",""
"18.1","Master","Du Pont","","","","","","09/01/2019 22:37:58","Kevin Hernandez"
"18.2","","Du Pont","","","","","","09/01/2019 22:37:58","Kevin Hernandez"
"18.3","","Dupond","","","","","","09/01/2019 22:37:58","Kevin Hernandez"
"18.4","","Dupont","","","","","","09/01/2019 22:37:58","Kevin Hernandez"
"Final","","Du Pont","","","","","","09/01/2019 22:37:58","Kevin Hernandez"
"","","","","","","","","","",""
"19.1","Master","Earth Calm","","","","","","09/01/2019 22:37:58","Kevin Hernandez"
"19.2","","Earth Mart","","","","","","09/01/2019 22:37:58","Kevin Hernandez"
"Final","","Earth Calm","","","","","","09/01/2019 22:37:58","Kevin Hernandez"
"","","","","","","","","","",""
"20.1","Master","Earth-List","","","","","","09/01/2019 22:37:58","Kevin Hernandez"
"20.2","","Earthlust","","","","","","09/01/2019 22:37:59","Kevin Hernandez"
"Final","","Earth-List","","","","","","09/01/2019 22:37:58","Kevin Hernandez"
